use master;
go
-- Tạo Database QuanLyTuýeninh
if DB_ID('QuanLyTuyenSinh') is not null
	drop database QuanLyTuyenSinh;
go

create database QuanLyTuyenSinh;
go
-- Tạo Table.
use QuanLyTuyenSinh;
go

if OBJECT_ID('Account') is not null drop table Account;
go-------Acount--
-------------------------------------
create table Account
(
ID int Identity(1,1),
NamePerson varchar(50),
UserName varchar(50) not null unique,
Pass varchar(50) not null,
TypePerson int not null,
Constraint pk_Account primary key (ID)
)
go 

insert Account(NamePerson,UserName,Pass,TypePerson)
values
('Vuong','Admin','123',1),
('Thoa','Admin1','123',2),
('Anh','Admin2','123',1),
('Ánh','Admin3','123',2),
('An','Admin4','123',1),
('Bảo','Admin5','123',2),
('Bình','Admin6','123',1),
('Biên','Admin7','123',2),
('Chương','Admin8','123',3),
('Cúc','Admin9','123',1),
('Cung','Admin10','123',2),
('Cực','Admin11','123',3),
('Đức','Admin12','123',1),
('Đạt','Admin13','123',2),
('Đỉnh','Admin14','123',3),
('Điền','Admin15','123',1),
('Đạo','Admin16','123',2),
('Đen','Admin17','123',3),
('Diệp','Admin18','123',1),
('Dàng','Admin19','123',2),
('Diên','Admin20','123',3),
('Hùng','Employee','123',1),
('Hoa','Employee1','123',2),
('Hào','Employee2','123',3),
('Hiền','Employee3','123',1),
('Hiến','Employee4','123',2),
('Hân','Employee5','123',3),
('Linh','Employee6','123',1),
('My','Employee7','123',2),
('Mạnh','Employee8','123',3),
('Tâm','Employee9','123',1),
('Tài','Employee10','123',2),
('Tiến','Employee11','123',3),
('Trúc','Employee12','123',1),
('Trinh','Employee13','123',2),
('Tương','Employee14','123',3),
('Tỉnh','Employee15','123',1),
('Tình','Employee16','123',2),
('Tẻo','Employee17','123',3),
('Tôm','Employee18','123',1),
('Tẹt','Employee19','123',2),
('Thao','Employee20','123',3),
('Tuấn','User','123',1),
('Tài','User1','123',2),
('Vy','User2','123',3),
('Vỹ','User3','123',1),
('Vĩnh','User4','123',2),
('Vinh','User5','123',3),
('Viên','User6','123',1),
('Vùng','User7','123',2),
('Vức','User8','123',3),
('Tuan Tai','User9','123',1),
('Tuan Vinh','User10','123',2),
('Dat Quynh','User11','123',3),
('Minh Dat','User12','123',1),
('Tien Son','User13','123',2),
('Tan Tai','User14','123',3),
('Tan Tien','User15','123',1),
('Bao Dat','User16','123',2),
('Bien Huyen','User17','123',3),
('Huynh Diep','User18','123',1),
('Nguyen Khanh','User19','123',2),
('Minh Huy','User20','123',3),
('Nguyen Khang','Name','123',1),
('Thien Tu','Name1','123',2),
('Huynh Duc','Name2','123',3),
('Phuoc','Name3','123',1),
('Thinh','Name4','123',2),
('Kim Thoa','Name5','123',1),
('Quang Minh','Name6','123',3),
('Nguyen Duy','Name7','123',1),
('Kim Truc','Name8','123',2),
('Quy Truc','Name9','123',3),
('Quy Trinh','Name10','123',1),
('Helo','Name11','123',2),
('Halo','Name12','123',3),
('Gato','Name13','123',1),
('Geto','Name14','123',2),
('Zeto','Name15','123',3),
('Mina','Name16','123',1),
('Hua','Name17','123',2),
('Hanzo','Name18','123',3),
('Yasou','Name19','123',1),
('Garen','Name20','123',2),
('Yi','Pass','123',3),
('Zed','Pass1','123',1),
('Riven','Pass2','123',2),
('Maphie','Pass3','123',3),
('Blit','Pass4','123',1),
('Graves','Pass5','123',2),
('Lucian','Pass6','123',3),
('Nami','Pass7','123',1),
('Vegar','Pass8','123',2),
('Ziggs','Pass9','123',3),
('Fiss','Pass10','123',1),
('Wawick','Pass11','123',2),
('Xinzhao','Pass12','123',3),
('Shaco','Pass13','123',1),
('Quan Tien','Pass14','123',2),
('Minh Tien','Pass15','123',3),
('Minh Dat','Pass16','123',1),
('Minh Hung','Pass17','123',2),
('Minh Den','Pass18','123',3),
('Minh Bao','Pass19','123',1),
('Anh Minh','Pass20','123',2),
('Ben Minh','Person','123',3),
('Ga Minh','Person1','123',1),
('Ha Minh','Person2','123',2),
('Minha','Person3','123',3),
('Minhb','Person4','123',1),
('Minhc','Person5','123',2),
('Minhd','Person6','123',3),
('Minhe','Person7','123',1),
('Minhf','Person8','123',2),
('Minhg','Person9','123',3),
('Minhh','Person10','123',1),
('Minhk','Person11','123',2),
('Minhl','Person12','123',3),
('Minhm','Person13','123',1),
('Minhn','Person14','123',2),
('Minho','Person15','123',3),
('Minhp','Person16','123',1),
('Minhq','Person17','123',2),
('Minhr','Person18','123',3),
('Minht','Person19','123',1),
('Minhv','Person20','123',2),
('Minhx','Vuong','123',3),
('Minhz','Vuong1','123',1),
('Minhy','Vuong2','123',2),
('Minhw','Vuong3','123',3),
('Baoa','Vuong4','123',1),
('Minh1','Vuong5','123',2),
('Minh2','Vuong6','123',3),
('Minh3','Vuong7','123',1),
('Minh4','Vuong8','123',2),
('Minh5','Vuong9','123',3),
('Minh6','Vuong10','123',1),
('Minh7','Vuong11','123',2),
('Minh8','Vuong12','123',3),
('Minh9','Vuong13','123',1),
('Minh10','Vuong14','123',2),
('Minh11','Vuong15','123',3),
('Minh12','Vuong16','123',1),
('Minh13','Vuong17','123',2),
('Minh14','Vuong18','123',3),
('Minh15','Vuong19','123',1),
('Minh16','Vuong20','123',2),
('Minh17','Diem','123',3),
('Minh18','Diem1','123',1),
('Minh19','Diem2','123',2),
('Minh20','Diem3','123',3),
('Minh21','Diem4','123',1),
('Minh22','Diem5','123',2),
('Minh23','Diem6','123',3),
('Minh24','Diem7','123',1),
('Minh25','Diem8','123',2),
('Minh26','Diem9','123',3),
('Minh27','Diem10','123',1),
('Minh28','Diem11','123',2),
('Minh29','Diem12','123',3),
('Minh30','Diem13','123',1),
('Minh31','Diem14','123',2),
('Minh32','Diem15','123',3),
('Minh33','Diem16','123',1),
('Minh34','Diem17','123',2),
('Minh35','Diem18','123',3),
('Minh36','Diem19','123',1),
('Minh37','Diem20','123',2),
('Minh38','Diem21','123',3),
('Minh39','Diem22','123',1),
('Minh40','Diem23','123',2),
('Minh41','Diem24','123',3),
('Minh42','Diem25','123',1),
('Minh43','Diem26','123',2),
('Minh44','Diem27','123',3),
('Minh45','Diem28','123',2),
('Minh46','Diem29','123',1),
('Minh47','Diem30','123',2),
('Minh48','Diem31','123',3),
('Minh49','Diem32','123',2),
('Minh50','Diem33','123',1),
('Minh51','Diem34','123',2),
('Minh52','Diem35','123',3),
('Minh53','Diem36','123',2),
('Minh54','Diem37','123',1),
('Minh55','Diem38','123',2),
('Minh56','Diem39','123',3),
('Minh57','Diem40','123',2),
('Minh58','Diem41','123',1),
('Minh59','Diem42','123',2),
('Minh60','Diem43','123',3),
('Minh61','Diem44','123',2),
('Minh62','Diem45','123',1),
('Minh63','Diem46','123',2),
('Minh64','Diem47','123',3),
('Minh65','Diem48','123',1),
('Minh66','Diem49','123',2),
('Minh67','Diem50','123',3),
('Minh68','Diem51','123',1),
('Minh69','Diem52','123',2),
('Minh70','Diem53','123',3),
('Minh71','Diem54','123',1),
('Minh72','Diem55','123',2),
('Minh73','Diem56','123',3),
('Minh74','Diem57','123',1),
('Minh75','Diem58','123',2),
('Minh76','Diem59','123',3)

go
---------------------HoSoThiSinh---------------------
create table HOSOTHISINH(
SBD varchar(10) not null,
HoDem varchar(20) not null,
Ten varchar(10) not null,
NgaySinh smalldatetime,
GioiTinh bit,
MaHoKhau int,
MaDoiTuong int,
MaDanToc int,
Toan float,
Ly float,
Hoa float,
Sinh float,
Van float,
Su float,
Dia float,
AnhVan float,
CONSTRAINT pk_HOSOTHISINH primary key(SBD)
);
go
insert HOSOTHISINH (SBD,HoDem,Ten,NgaySinh,GioiTinh,MaHoKhau,MaDoiTuong,MaDanToc,Toan,Ly,Hoa,Sinh,Van,Su,Dia,AnhVan)
values
('222','Le Quoc Nguyen','Vuong',CAST('2019-11-25 00:00:00' as smalldatetime),1,1,1,1,10,10,10,10,10,10,10,10),
('343','Phan Dinh','Hoang',CAST('2017-11-26 00:06:00' as smalldatetime),1,1,2,1,10,10,10,10,10,10,10,10),
('4','Tran Van','A',CAST('2019-11-25 00:00:00' as smalldatetime),1,2,1,1,10,9,10,7,10,8,10,5),
('5','Le Quoc','Vuong',CAST('2019-11-02 00:00:00' as smalldatetime),1,1,1,1,7,10,10,6,10,10,8,10),
('6','Le Nguyen','Vuong',CAST('2019-11-01 00:00:00' as smalldatetime),1,2,1,1,10,10,10,10,10,10,10,10),
('7','Vo Thi Kieu','Diem',CAST('2019-08-06 00:05:00' as smalldatetime),1,2,1,1,10,10,10,10,10,10,10,10),
('8','Tran Gia','Han',CAST('2019-10-04 00:06:00' as smalldatetime),2,1,1,1,10,9,10,8,10,10,8,10),
('9','Bui Thi Hong','Nhung',CAST('2019-12-29 00:01:00' as smalldatetime),2,2,1,1,6,7,8,10,9,10,10,10),
('10','Le Nguyen','Vinh',CAST('2019-11-08 00:00:07' as smalldatetime),1,1,1,1,7,7,10,6,10,8,10,9),
('11','Le Van','Vinh',CAST('2019-10-01 00:02:07' as smalldatetime),1,2,1,1,3,7,10,5,10,8,10,9),
('12','Le Thi','Linh',CAST('2019-08-02 00:10:07' as smalldatetime),2,1,2,1,9,7,9,6,10,8,10,9),
('13','Le Van','Trinh',CAST('2019-01-01 00:03:07' as smalldatetime),1,1,1,1,7,2,10,6,7,8,10,5),
('14','Le Nguyen','Vinh',CAST('2019-11-01 00:00:07' as smalldatetime),1,1,1,1,7,7,10,6,10,8,10,9),
('15','Vo Van','Chinh',CAST('2019-11-05 00:08:07' as smalldatetime),1,1,1,1,7,8,9,6,6,8,10,8),
('16','Tran Gia','Ha',CAST('2019-03-10 00:05:04' as smalldatetime),2,2,1,1,2,7,5,6,10,6,10,9),
('17','Nguyen Van','Doan',CAST('2019-12-14 00:00:03' as smalldatetime),1,2,2,1,7,5,4,6,5,8,6,9),
('18','Nguyen','Vinh',CAST('2019-11-01 00:0:07' as smalldatetime),1,3,1,1,7,7,10,6,10,8,10,9),
('19','Nguyen Tra','My',CAST('2019-11-05 00:05:07' as smalldatetime),2,2,1,1,5,7,9,6,10,8,10,9),
('20','Nguyen Huyen','My',CAST('2019-11-10 00:05:06' as smalldatetime),2,1,1,1,5,6,9,2,7,8,3,9),
('21','Nguyen Van','Hau',CAST('2019-03-10 00:03:06' as smalldatetime),1,1,2,1,5,6,7,7,7,8,5,6),
('22','Nguyen Huyen','Anh',CAST('2019-04-10 00:02:04' as smalldatetime),2,3,1,1,6,6,2,2,7,5,3,2),
('23','Nguyen Thi','Trang',CAST('2019-08-12 00:04:03' as smalldatetime),2,3,1,1,8,6,5,2,6,8,3,10),
('24','Nguyen Van','Thinh',CAST('2019-02-10 00:01:06' as smalldatetime),1,1,2,1,5,7,9,2,7,8,3,9),
('25','Le Quoc Nguyen','Trinh',CAST('2019-11-25 00:00:00' as smalldatetime),1,1,1,1,10,10,10,10,10,10,10,10),
('26','Vo Thanh','Tanh',CAST('2018-11-25 00:00:00' as smalldatetime),1,2,1,1,10,10,10,10,10,10,10,10),
('27','Phan Dinh','Thai',CAST('2017-11-26 00:06:00' as smalldatetime),1,1,2,1,10,10,10,10,10,10,10,10),
('28','Tran Van','Hau',CAST('2019-11-25 00:00:00' as smalldatetime),1,2,1,1,10,9,10,7,10,8,10,5),
('29','Le Quoc','Thai',CAST('2019-11-02 00:00:00' as smalldatetime),1,3,1,1,7,10,10,6,10,10,8,10),
('30','Le Nguyen','Tam',CAST('2019-11-01 00:00:00' as smalldatetime),1,2,1,1,10,10,10,10,10,10,10,10),
('31','Vo Thi Kieu','Trinh',CAST('2019-08-06 00:05:00' as smalldatetime),2,2,1,1,10,10,10,10,10,10,10,10),
('32','Tran Gia','Hoa',CAST('2019-10-04 00:06:00' as smalldatetime),2,3,1,1,10,9,10,8,10,10,8,10),
('33','Bui Thi Hong','Trang',CAST('2019-12-29 00:01:00' as smalldatetime),2,2,1,1,6,7,8,10,9,10,10,10),
('34','Le Van','Vinh',CAST('2019-11-08 00:00:07' as smalldatetime),1,3,1,1,7,7,10,6,10,8,10,9),
('35','Le Van','Binh',CAST('2019-10-01 00:02:07' as smalldatetime),1,2,1,1,3,7,10,5,10,8,10,9),
('36','Le','Linh',CAST('2019-08-02 00:10:07' as smalldatetime),2,1,1,1,9,7,9,6,10,8,10,9),
('37','Le Van','Tinh',CAST('2019-01-01 00:03:07' as smalldatetime),1,1,1,3,7,2,10,6,7,8,10,5),
('38','Le thi','Vinh',CAST('2019-11-01 00:00:07' as smalldatetime),1,3,1,1,7,7,10,6,10,8,10,9),
('40','Vo Van','Tao',CAST('2019-11-05 00:08:07' as smalldatetime),1,1,1,1,7,8,9,6,6,8,10,8),
('41','Tran Gia','Nga',CAST('2019-03-10 00:05:04' as smalldatetime),2,2,1,1,2,7,5,6,10,6,10,9),
('42','Nguyen Van','Han',CAST('2019-12-14 00:00:03' as smalldatetime),1,2,1,1,7,5,4,6,5,8,6,9),
('43','Nguyen','Vinh',CAST('2019-11-01 00:0:07' as smalldatetime),1,3,1,1,7,7,10,6,10,8,10,9),
('44','Nguyen Tra','Ngoc',CAST('2019-11-05 00:05:07' as smalldatetime),2,2,1,1,5,7,9,6,10,8,10,9),
('45','Nguyen Huyen','My',CAST('2019-11-10 00:05:06' as smalldatetime),2,1,2,1,5,6,9,2,7,8,3,9),
('46','Nguyen Van','Thai',CAST('2019-03-10 00:03:06' as smalldatetime),1,1,2,1,5,6,7,7,7,8,5,6),
('47','Nguyen Thi Huyen','Anh',CAST('2019-04-10 00:02:04' as smalldatetime),2,3,1,1,6,6,2,2,7,5,3,2),
('48','Nguyen Thi','Trang',CAST('2019-08-12 00:04:03' as smalldatetime),2,3,1,1,8,6,5,2,6,8,3,10),
('49','Nguyen Van','Hieu',CAST('2019-02-10 00:01:06' as smalldatetime),1,1,2,1,5,7,9,2,7,8,3,9),
('50','Nguyen Van','Son',CAST('2019-02-10 00:01:06' as smalldatetime),1,1,2,1,5,7,9,2,7,8,3,9),
('51','Le Quoc','Vuong',CAST('2019-11-25 00:00:00' as smalldatetime),1,1,1,1,10,10,10,10,10,10,10,10),
('52','Vo Thanh','Tam',CAST('2018-11-25 00:00:00' as smalldatetime),1,2,1,1,10,10,10,10,10,10,10,10),
('53','Phan','Hoang',CAST('2017-11-26 00:06:00' as smalldatetime),1,1,2,1,10,10,10,10,10,10,10,10),
('54','Tran Van','B',CAST('2019-11-25 00:00:00' as smalldatetime),1,2,1,1,10,9,10,7,10,8,10,5),
('55','Le Quoc Thanh','Vuong',CAST('2019-11-02 00:00:00' as smalldatetime),1,3,1,1,7,10,10,6,10,10,8,10),
('56','Le Nguyen Thai','Vuong',CAST('2019-11-01 00:00:00' as smalldatetime),1,2,1,1,10,10,10,10,10,10,10,10),
('57','Vo Thi Kieu','Han',CAST('2019-08-06 00:05:00' as smalldatetime),2,2,1,1,10,10,10,10,10,10,10,10),
('58','Tran','Han',CAST('2019-10-04 00:06:00' as smalldatetime),2,3,1,1,10,9,10,8,10,10,8,10),
('59','Bui Hong','Nhung',CAST('2019-12-29 00:01:00' as smalldatetime),2,2,1,1,6,7,8,10,9,10,10,10),
('60','Le Nguyen','Thai',CAST('2019-11-08 00:00:07' as smalldatetime),1,3,1,1,7,7,10,6,10,8,10,9),
('61','Le Hai','Vinh',CAST('2019-10-01 00:02:07' as smalldatetime),1,2,3,1,3,7,10,5,10,8,10,9),
('62','Le Thi','Diem',CAST('2019-08-02 00:10:07' as smalldatetime),2,1,2,1,9,7,9,6,10,8,10,9),
('63','Le Thai','Trinh',CAST('2019-01-01 00:03:07' as smalldatetime),1,1,1,1,7,2,10,6,7,8,10,5),
('64','Le Hong','Vinh',CAST('2019-11-01 00:00:07' as smalldatetime),1,3,1,1,7,7,10,6,10,8,10,9),
('65','Vo Dong','Chinh',CAST('2019-11-05 00:08:07' as smalldatetime),1,1,1,1,7,8,9,6,6,8,10,8),
('66','Tran Gia','Linh',CAST('2019-03-10 00:05:04' as smalldatetime),2,2,1,1,2,7,5,6,10,6,10,9),
('67','Nguyen','Doan',CAST('2019-12-14 00:00:03' as smalldatetime),1,2,1,1,7,5,4,6,5,8,6,9),
('68','Nguyen Ngoc','Vinh',CAST('2019-11-01 00:0:07' as smalldatetime),1,3,1,1,7,7,10,6,10,8,10,9),
('69','Nguyen Tran','My',CAST('2019-11-05 00:05:07' as smalldatetime),2,2,1,1,5,7,9,6,10,8,10,9),
('70','Nguyen Huyen Ngoc','My',CAST('2019-11-10 00:05:06' as smalldatetime),2,1,2,2,5,6,9,2,7,8,3,9),
('71','Nguyen Van Thai','Hau',CAST('2019-03-10 00:03:06' as smalldatetime),1,1,2,1,5,6,7,7,7,8,5,6),
('72','Nguyen Huyen Ngoc','Anh',CAST('2019-04-10 00:02:04' as smalldatetime),2,3,1,1,6,6,2,2,7,5,3,2),
('73','Nguyen Thi Ngoc','Trang',CAST('2019-08-12 00:04:03' as smalldatetime),2,3,3,4,8,6,5,2,6,8,3,10),
('74','Nguyen Van Ngoc','Thinh',CAST('2019-02-10 00:01:06' as smalldatetime),1,1,2,3,5,7,9,2,7,8,3,9),
('75','Le Quoc Hong','Trinh',CAST('2019-11-25 00:00:00' as smalldatetime),1,1,1,1,10,10,10,10,10,10,10,10),
('84','Le Van Ngoc','Vinh',CAST('2019-11-08 00:00:07' as smalldatetime),1,3,1,2,7,7,10,6,10,8,10,9),
('85','Le Van Thai','Binh',CAST('2019-10-01 00:02:07' as smalldatetime),1,2,2,1,3,7,10,5,10,8,10,9),
('86','Le Trang','Linh',CAST('2019-08-02 00:10:07' as smalldatetime),2,1,2,1,9,7,9,6,10,8,10,9),
('87','Le','Tinh',CAST('2019-01-01 00:03:07' as smalldatetime),1,1,1,1,7,2,10,6,7,8,10,5),
('88','Le Thanh','Vinh',CAST('2019-11-01 00:00:07' as smalldatetime),1,3,1,1,7,7,10,6,10,8,10,9),
('90','Vo','Tao',CAST('2019-11-05 00:08:07' as smalldatetime),1,1,1,1,7,8,9,6,6,8,10,8),
('91','Tran Nguyen','Nga',CAST('2019-03-10 00:05:04' as smalldatetime),2,2,1,1,2,7,5,6,10,6,10,9),
('92','Nguyen','Han',CAST('2019-12-14 00:00:03' as smalldatetime),1,2,1,1,7,5,4,6,5,8,6,9),
('93','Nguyen Tai','Vinh',CAST('2019-11-01 00:0:07' as smalldatetime),1,3,1,1,7,7,10,6,10,8,10,9),
('94','Nguyen','Ngoc',CAST('2019-11-05 00:05:07' as smalldatetime),2,2,1,1,5,7,9,6,10,8,10,9),
('95','Nguyen Huyen Thai','My',CAST('2019-11-10 00:05:06' as smalldatetime),2,1,1,1,5,6,9,2,7,8,3,9),
('96','Nguyen Nhu','Thai',CAST('2019-03-10 00:03:06' as smalldatetime),1,1,2,1,5,6,7,7,7,8,5,6),
('97','Nguyen Thi Nhu','Anh',CAST('2019-04-10 00:02:04' as smalldatetime),2,3,1,1,6,6,2,2,7,5,3,2),
('98','Nguyen Thi Nhu','Trang',CAST('2019-08-12 00:04:03' as smalldatetime),2,1,1,1,8,6,5,2,6,8,3,10),
('99','Nguyen','Hieu',CAST('2019-02-10 00:01:06' as smalldatetime),1,1,2,1,5,7,9,2,7,8,3,9),
('100','Nguyen Thanh','Hieu',CAST('2019-02-10 00:01:06' as smalldatetime),1,1,2,1,5,7,9,2,7,8,3,9),
('101','Le Quoc Thanh','Vuong',CAST('2019-11-25 00:00:00' as smalldatetime),1,1,1,1,10,10,10,10,10,10,10,10),
('102','Vo Than','Tam',CAST('2018-11-25 00:00:00' as smalldatetime),1,2,1,1,10,10,10,10,10,10,10,10),
('103','Phan Tanh','Hoang',CAST('2017-11-26 00:06:00' as smalldatetime),1,1,2,1,10,10,10,10,10,10,10,10),
('104','Tran Thanh','A',CAST('2019-11-25 00:00:00' as smalldatetime),1,2,1,1,10,9,10,7,10,8,10,5),
('105','Le Quoc Thanh','Vuong',CAST('2019-11-02 00:00:00' as smalldatetime),1,3,1,1,7,10,10,6,10,10,8,10),
('106','Le Nguyen Tanh','Vuong',CAST('2019-11-01 00:00:00' as smalldatetime),1,2,1,1,10,10,10,10,10,10,10,10),
('107','Vo Thi Ngoc','Diem',CAST('2019-08-06 00:05:00' as smalldatetime),2,2,1,1,10,10,10,10,10,10,10,10),
('108','Tran Gia Nhu','Han',CAST('2019-10-04 00:06:00' as smalldatetime),2,3,1,1,10,9,10,8,10,10,8,10),
('109','Bui Thi Thai Hong','Nhung',CAST('2019-12-29 00:01:00' as smalldatetime),2,2,1,1,6,7,8,10,9,10,10,10),
('110','Le Nguyen Hong','Vinh',CAST('2019-11-08 00:00:07' as smalldatetime),1,3,1,1,7,7,10,6,10,8,10,9),
('111','Le Van Thanh','Vinh',CAST('2019-10-01 00:02:07' as smalldatetime),1,2,1,1,3,7,10,5,10,8,10,9),
('112','Le Thi Thanh','Linh',CAST('2019-08-02 00:10:07' as smalldatetime),2,1,1,1,9,7,9,6,10,8,10,9),
('113','Le Thanh','Trinh',CAST('2019-01-01 00:03:07' as smalldatetime),1,1,1,1,7,2,10,6,7,8,10,5),
('114','Le Nhu','Vinh',CAST('2019-11-01 00:00:07' as smalldatetime),1,3,1,1,7,7,10,6,10,8,10,9),
('115','Vo Thanh','Chinh',CAST('2019-11-05 00:08:07' as smalldatetime),1,1,1,1,7,8,9,6,6,8,10,8),
('116','Tran Gia','Thao',CAST('2019-03-10 00:05:04' as smalldatetime),2,2,1,1,2,7,5,6,10,6,10,9),
('117','Nguyen Van Thao','Doan',CAST('2019-12-14 00:00:03' as smalldatetime),1,2,1,1,7,5,4,6,5,8,6,9),
('118','Nguyen Thao','Vinh',CAST('2019-11-01 00:0:07' as smalldatetime),1,3,1,1,7,7,10,6,10,8,10,9),
('119','Nguyen Tra Anh','My',CAST('2019-11-05 00:05:07' as smalldatetime),2,2,1,1,5,7,9,6,10,8,10,9),
('120','Nguyen Huyen Anh','My',CAST('2019-11-10 00:05:06' as smalldatetime),2,1,2,1,5,6,9,2,7,8,3,9),
('121','Nguyen Van Thanh','Hau',CAST('2019-03-10 00:03:06' as smalldatetime),1,1,2,1,5,6,7,7,7,8,5,6),
('122','Nguyen Huyen My','Anh',CAST('2019-04-10 00:02:04' as smalldatetime),2,1,1,1,6,6,2,2,7,5,3,2),
('123','Nguyen Thi My','Trang',CAST('2019-08-12 00:04:03' as smalldatetime),2,3,1,1,8,6,5,2,6,8,3,10),
('124','Nguyen Van Anh','Thinh',CAST('2019-02-10 00:01:06' as smalldatetime),1,1,2,1,5,7,9,2,7,8,3,9),
('125','Le Quoc Anh','Trinh',CAST('2019-11-25 00:00:00' as smalldatetime),1,1,1,1,10,10,10,10,10,10,10,10),
('126','Vo Thanh','Tanh',CAST('2018-11-25 00:00:00' as smalldatetime),1,2,1,1,10,10,10,10,10,10,10,10),
('127','Phan Dinh Nhu','Thai',CAST('2017-11-26 00:06:00' as smalldatetime),1,1,2,1,10,10,10,10,10,10,10,10),
('128','Tran Van Nhan','Hau',CAST('2019-11-25 00:00:00' as smalldatetime),1,2,1,1,10,9,10,7,10,8,10,5),
('129','Le Quoc Nhanh','Thai',CAST('2019-11-02 00:00:00' as smalldatetime),1,3,2,1,7,10,10,6,10,10,8,10),
('130','Le Nguyen Than','Tam',CAST('2019-11-01 00:00:00' as smalldatetime),1,2,1,1,10,10,10,10,10,10,10,10),
('131','Vo Thi Kieu Ngoc','Trinh',CAST('2019-08-06 00:05:00' as smalldatetime),2,2,1,1,10,10,10,10,10,10,10,10),
('132','Tran Kieu','Hoa',CAST('2019-10-04 00:06:00' as smalldatetime),2,3,1,1,10,9,10,8,10,10,8,10),
('133','Bui Kieu Hong','Trang',CAST('2019-12-29 00:01:00' as smalldatetime),2,2,1,1,6,7,8,10,9,10,10,10),
('134','Le Kieu','Vinh',CAST('2019-11-08 00:00:07' as smalldatetime),1,3,1,1,7,7,10,6,10,8,10,9),
('135','Le Tran','Binh',CAST('2019-10-01 00:02:07' as smalldatetime),1,2,1,1,3,7,10,5,10,8,10,9),
('136','Le Tran','Linh',CAST('2019-08-02 00:10:07' as smalldatetime),2,1,2,1,9,7,9,6,10,8,10,9),
('137','Le Tran Van','Tinh',CAST('2019-01-01 00:03:07' as smalldatetime),1,1,1,3,7,2,10,6,7,8,10,5),
('138','Le thi Van','Vinh',CAST('2019-11-01 00:00:07' as smalldatetime),1,3,1,1,7,7,10,6,10,8,10,9),
('140','Vo Van Thi','Tao',CAST('2019-11-05 00:08:07' as smalldatetime),1,1,1,1,7,8,9,6,6,8,10,8),
('141','Tran Gia Nguyen','Nga',CAST('2019-03-10 00:05:04' as smalldatetime),2,2,1,3,2,7,5,6,10,6,10,9),
('142','Nguyen  Thai Van','Han',CAST('2019-12-14 00:00:03' as smalldatetime),1,2,2,2,7,5,4,6,5,8,6,9),
('143','Nguyen Nhu','Vinh',CAST('2019-11-01 00:0:07' as smalldatetime),1,3,1,1,7,7,10,6,10,8,10,9),
('144','Nguyen Tra Thai','Ngoc',CAST('2019-11-05 00:05:07' as smalldatetime),2,2,1,1,5,7,9,6,10,8,10,9),
('145','Nguyen Ngoc Huyen','My',CAST('2019-11-10 00:05:06' as smalldatetime),2,1,2,2,5,6,9,2,7,8,3,9),
('146','Nguyen Thi Van','Thai',CAST('2019-03-10 00:03:06' as smalldatetime),1,2,2,1,5,6,7,7,7,8,5,6),
('147','Nguyen Ngoc Huyen','Anh',CAST('2019-04-10 00:02:04' as smalldatetime),2,3,1,1,6,6,2,2,7,5,3,2),
('148','Nguyen Ngoc Thi','Trang',CAST('2019-08-12 00:04:03' as smalldatetime),2,3,1,1,8,6,5,2,6,8,3,10),
('149','Nguyen Van Ngoc','Hieu',CAST('2019-02-10 00:01:06' as smalldatetime),1,1,2,1,5,7,9,2,7,8,3,9),
('150','Nguyen Van Thai','Son',CAST('2019-02-10 00:01:06' as smalldatetime),1,1,2,1,5,7,9,2,7,8,3,9),
('151','Le Quoc Hoang','Vuong',CAST('2019-11-25 00:00:00' as smalldatetime),1,1,1,1,10,10,10,10,10,10,10,10),
('152','Vo Thanh Hoang','Tam',CAST('2018-11-25 00:00:00' as smalldatetime),1,2,1,1,10,10,10,10,10,10,10,10),
('153','Phan Thach','Hoang',CAST('2017-11-26 00:06:00' as smalldatetime),2,1,2,1,10,10,10,10,10,10,10,10),
('154','Tran Van Hoang','B',CAST('2019-11-25 00:00:00' as smalldatetime),1,2,1,1,10,9,10,7,10,8,10,5),
('155','Le Quoc Thach','Vuong',CAST('2019-11-02 00:00:00' as smalldatetime),1,3,1,1,7,10,10,6,10,10,8,10),
('156','Le Nguyen Thach','Vuong',CAST('2019-11-01 00:00:00' as smalldatetime),1,2,1,1,10,10,10,10,10,10,10,10),
('157','Vo Thi Nhu','Han',CAST('2019-08-06 00:05:00' as smalldatetime),2,2,1,1,10,10,10,10,10,10,10,10),
('158','Tran Thach','Han',CAST('2019-10-04 00:06:00' as smalldatetime),2,3,1,1,10,9,10,8,10,10,8,10),
('159','Bui Hong My','Nhung',CAST('2019-12-29 00:01:00' as smalldatetime),2,2,1,1,6,7,8,10,9,10,10,10),
('160','Le Nguyen My','Thai',CAST('2019-11-08 00:00:07' as smalldatetime),1,3,1,1,7,7,10,6,10,8,10,9),
('161','Le Hai Binh','Vinh',CAST('2019-10-01 00:02:07' as smalldatetime),1,2,1,1,3,7,10,5,10,8,10,9),
('162','Le Thi Binh','Diem',CAST('2019-08-02 00:10:07' as smalldatetime),2,1,2,1,9,7,9,6,10,8,10,9),
('163','Le Thai Duyen','Trinh',CAST('2019-01-01 00:03:07' as smalldatetime),1,1,1,1,7,2,10,6,7,8,10,5),
('164','Le Hong Binh','Vinh',CAST('2019-11-01 00:00:07' as smalldatetime),1,3,1,1,7,7,10,6,10,8,10,9),
('165','Vo Dong Van','Chinh',CAST('2019-11-05 00:08:07' as smalldatetime),1,1,1,1,7,8,9,6,6,8,10,8),
('166','Tran Gia Thai','Linh',CAST('2019-03-10 00:05:04' as smalldatetime),2,2,1,1,2,7,5,6,10,6,10,9),
('167','Nguyen Thach','Doan',CAST('2019-12-14 00:00:03' as smalldatetime),1,2,2,1,7,5,4,6,5,8,6,9),
('168','Nguyen Ngoc Thach','Vinh',CAST('2019-11-01 00:0:07' as smalldatetime),1,3,1,1,7,7,10,6,10,8,10,9),
('169','Nguyen Tran Diem','My',CAST('2019-11-05 00:05:07' as smalldatetime),2,2,1,1,5,7,9,6,10,8,10,9),
('170','Nguyen Huyen Nhu','My',CAST('2019-11-10 00:05:06' as smalldatetime),2,1,2,1,5,6,9,2,7,8,3,9),
('171','Nguyen Van Thach','Hau',CAST('2019-03-10 00:03:06' as smalldatetime),1,2,2,1,5,6,7,7,7,8,5,6),
('172','Nguyen Huyen Bao','Anh',CAST('2019-04-10 00:02:04' as smalldatetime),2,3,1,1,6,6,2,2,7,5,3,2),
('173','Nguyen Thi Bao','Trang',CAST('2019-08-12 00:04:03' as smalldatetime),2,3,1,1,8,6,5,2,6,8,3,10),
('174','Nguyen Van Bao','Thinh',CAST('2019-02-10 00:01:06' as smalldatetime),1,1,2,1,5,7,9,2,7,8,3,9),
('175','Le Quoc Diem','Trinh',CAST('2019-11-25 00:00:00' as smalldatetime),1,1,1,1,10,10,10,10,10,10,10,10),
('176','Vo Thai','Tanh',CAST('2018-11-25 00:00:00' as smalldatetime),1,2,1,1,10,10,10,10,10,10,10,10),
('177','Phan Thach','Thai',CAST('2017-11-26 00:06:00' as smalldatetime),1,1,2,1,10,10,10,10,10,10,10,10),
('178','Tran Nguyen Van','Hau',CAST('2019-11-25 00:00:00' as smalldatetime),1,2,1,1,10,9,10,7,10,8,10,5),
('179','Le Quoc Diem','Thai',CAST('2019-11-02 00:00:00' as smalldatetime),1,3,1,1,7,10,10,6,10,10,8,10),
('180','Le Thi Van','Tam',CAST('2019-11-01 00:00:00' as smalldatetime),1,2,1,1,10,10,10,10,10,10,10,10),
('181','Vo Thi Diem','Trinh',CAST('2019-08-06 00:05:00' as smalldatetime),2,2,1,1,10,10,10,10,10,10,10,10),
('182','Tran Gia Thai','Hoa',CAST('2019-10-04 00:06:00' as smalldatetime),2,3,1,1,10,9,10,8,10,10,8,10),
('183','Bui Thi Diem','Trang',CAST('2019-12-29 00:01:00' as smalldatetime),2,2,1,1,6,7,8,10,9,10,10,10),
('184','Le Van Tien','Vinh',CAST('2019-11-08 00:00:07' as smalldatetime),1,3,1,1,7,7,10,6,10,8,10,9),
('185','Le Van Tien','Binh',CAST('2019-10-01 00:02:07' as smalldatetime),1,2,1,1,3,7,10,5,10,8,10,9),
('186','Le Trang Tien','Linh',CAST('2019-08-02 00:10:07' as smalldatetime),2,1,2,1,9,7,9,6,10,8,10,9),
('187','Le Tien','Tinh',CAST('2019-01-01 00:03:07' as smalldatetime),1,1,1,1,7,2,10,6,7,8,10,5),
('188','Le Thanh Hao','Vinh',CAST('2019-11-01 00:00:07' as smalldatetime),1,3,1,1,7,7,10,6,10,8,10,9),
('190','Vo Bao','Tao',CAST('2019-11-05 00:08:07' as smalldatetime),1,1,1,1,7,8,9,6,6,8,10,8),
('191','Tran Nguyen Diem','Nga',CAST('2019-03-10 00:05:04' as smalldatetime),2,2,1,1,2,7,5,6,10,6,10,9),
('192','Nguyen Diem','Han',CAST('2019-12-14 00:00:03' as smalldatetime),1,2,2,1,7,5,4,6,5,8,6,9),
('193','Nguyen Tai Ngoc','Vinh',CAST('2019-11-01 00:0:07' as smalldatetime),1,3,1,1,7,7,10,6,10,8,10,9),
('194','Nguyen Diem','Ngoc',CAST('2019-11-05 00:05:07' as smalldatetime),2,2,1,1,5,7,9,6,10,8,10,9),
('195','Nguyen Huyen Diem','My',CAST('2019-11-10 00:05:06' as smalldatetime),2,1,2,1,5,6,9,2,7,8,3,9),
('196','Nguyen Thanh','Thai',CAST('2019-03-10 00:03:06' as smalldatetime),1,1,2,1,5,6,7,7,7,8,5,6),
('197','Nguyen Diem Nhu','Anh',CAST('2019-04-10 00:02:04' as smalldatetime),1,3,1,1,6,6,2,2,7,5,3,2),
('198','Nguyen Vo Nhu','Trang',CAST('2019-08-12 00:04:03' as smalldatetime),2,3,1,1,8,6,5,2,6,8,3,10),
('199','Nguyen Diem','Hieu',CAST('2019-02-10 00:01:06' as smalldatetime),1,1,2,1,5,7,9,2,7,8,3,9),
('200','Le Quoc','Van',CAST('2019-11-10 00:00:00' as smalldatetime),2,2,1,1,10,8,10,7,6,10,5,10),
('334','Le','Van',CAST('2019-11-10 00:00:00' as smalldatetime),2,2,4,6,10,8,10,7,6,10,5,10),
('76','Vo Ngoc','Tanh',CAST('2018-11-25 00:00:00' as smalldatetime),1,2,1,1,10,10,10,10,10,10,10,10),
('77','Phan','Thai',CAST('2017-11-26 00:06:00' as smalldatetime),1,1,2,1,10,10,10,10,10,10,10,10),
('78','Tran Nguyen Van','Hau',CAST('2019-11-25 00:00:00' as smalldatetime),1,2,1,1,10,9,10,7,10,8,10,5),
('79','Le Quoc Van','Thai',CAST('2019-11-02 00:00:00' as smalldatetime),1,3,1,1,7,10,10,6,10,10,8,10),
('80','Le Nguyen Van','Tam',CAST('2019-11-01 00:00:00' as smalldatetime),1,2,1,1,10,10,10,10,10,10,10,10),
('81','Vo Thi','Trinh',CAST('2019-08-06 00:05:00' as smalldatetime),2,2,1,1,10,10,10,10,10,10,10,10),
('82','Tran Gia Ngoc','Hoa',CAST('2019-10-04 00:06:00' as smalldatetime),2,3,1,1,10,9,10,8,10,10,8,10),
('83','Bui Thi','Trang',CAST('2019-12-29 00:01:00' as smalldatetime),2,2,1,1,6,7,8,10,9,10,10,10)
go
---------------------Nganh------------------------- 
create table NGANH(
MaNganh int not null,
TenNganh varchar(100) not null,
ChiTieu int,
DiemChuan float,
CONSTRAINT pk_NGANH primary key(MaNganh)
);
go
insert NGANH(MaNganh, TenNganh, ChiTieu, DiemChuan) values
('7140231',	'Su Pham Tieng Anh',30,23.04),	
('7210403',	'Thiet Ke Do Hoa',30,21),	
('7210404',	'Thiet Ke Thoi Trang',30,18.44),	
('7220201',	'Ngon Ngu Anh',30	,22.3),	
('7340120',	'Kinh Doanh Quoc Te',30	,	21.6),	
('7340122',	'Thuong Mai Dien Tu',30	,	22.4),	
('7340301',	'Ke Toan',30	,	19),	
('7480108',	'Con Nghe Ky Thuat May Tinh',30	,20.35),	
('7480201',	'Cong Nghe Thong Tin',30	,	21.8),		
('7480203',	'Ky Thuat Du Lieu',30	,22.2),	
('7510102',	'Cong Nghe Ky Thuat Cong Trinh Xay Dung',30	, 17.8),	
('7510106',	'He Thong Cong Trinh Xay Dung',30	,19.2),	
('7510201',	'Cong Nghe Ky Thuat Co Khi',30	,	20.5),	
('7510202',	'CN Che Tao May',30	,19.5),	
('7510203',	'Cong Nghe Ky Thuat Co Dien Tu',30	,	21),	
('7510205',	'Cong Nghe Ky Thuat O To',30	,21.8),	
('7510206',	'Cong Nghe Ky Thuat Nhiet',30	,18.05),	
('7510208',	'Nang Luong Tai Tao',30	,	21),	
('7510301',	'Cong Nghe Ky Thuat Dien, Dien Tu',30	,	19.3),	
('7510302',	'Cong Nghe Ky Thuat Dien Tu - Vien Thong',30	,18.4),	
('7510303',	'Cong Nghe Ky Thuat Dieu Khien va Tu Dong Hoa',30	,	21.5),	
('7510401',	'Cong Nghe Ky Thuat Hoa Hoc',30	, 22.4),
('7510402',	'Cong Nghe Vat Lieu',30	,18.55),	
('7510406',	'Cong Nghe Ky Thuat Moi Truong',30	,17),		
('7510601',	'Quan Ly Cong Nghiep',30	,18.5),	
('7510605',	'Logistics & Quan Ly Chuoi Cung Ung',30	,23.3),	
('7510801',	'Cong Nghe Ky Thuat In',30	,18.2),	
('7520117',	'KT Cong Nghiep',30	,19.8),	
('7520212',	'Ky Thuat Y Sinh (Dien Tu YS)',30	,20.75),	
('7540101',	'Cong Nghe Thuc Pham (Chat Luong Cao Tieng Anh)',30	, 18.45),		
('7540203',	'Cong Nghe Vat Lieu Det May (Dai Tra)',30	, 18),	
('7540204',	'Cong Nghe May (Dai Tra)',30	, 21.1),	
('7549002',	'Ky Thuat Go va Noi That (Dai Tra)',30	, 18.5),	
('7580101',	'Kien Truc (Dai Tra)',30	, 20.33),	
('7580205',	'KT Xay Dung Cong Trinh Giao Thong (Dai Tra)',30	,18.4),	
('7580302',	'Quan Ly Xay Dung (Dai Tra)',30	,20.3),	
('7810202',	'Quan Tri Nha Hang va Dich Vu An Uong (Dai Tra)',30	, 21.4),	
('7810502',	'Su Pham Tieng Anh1',30	,18),
('8011001',	'Su Pham Tieng Anh2',30	,18),
('8011002',	'Su Pham Tieng Anh3',30	,18),
('8011003',	'Thiet Ke Do Hoa1',30	,18),
('8011004',	'Thiet Ke Do Hoa2',30	,18),
('8011005',	'Thiet Ke Do Hoa3',30	,18),
('8011006',	'Thiet Ke Thoi Trang1',30	,18),
('8011007',	'Thiet Ke Thoi Trang2',30	,18),
('8011008',	'Thiet Ke Thoi Trang3',30	,18),
('8011009',	'Ngon Ngu Anh1',30	,18),
('8011011',	'Ngon Ngu Anh2',30	,18),
('8011012',	'Ngon Ngu Anh3',30	,18),
('8011013',	'Kinh Doanh Quoc Te1',30	,18),
('8011014',	'Kinh Doanh Quoc Te2',30	,18),
('8011015',	'Kinh Doanh Quoc Te3',30	,18),
('8011016',	'Thuong Mai Dien Tu1',30	,18),
('8011017',	'Thuong Mai Dien Tu2',30	,18),
('8011018',	'Thuong Mai Dien Tu3',30	,18),
('8011019',	'Nang Luong Tai Tao1',30	,18),
('8011010',	'Nang Luong Tai Tao2',30	,18),
('8011021',	'Nang Luong Tai Tao3',30	,18),
('8011022',	'KT Xay Dung Cong Trinh Giao Thong (Dai Tra)1',30	,18),
('8011023',	'KT Xay Dung Cong Trinh Giao Thong (Dai Tra)2',30	,18),
('8011024',	'KT Xay Dung Cong Trinh Giao Thong (Dai Tra)3',30	,18),
('8011025',	'Cong Nghe Thuc Pham (Chat Luong Cao Tieng Anh)1',30	,18),
('8011026',	'Cong Nghe Thuc Pham (Chat Luong Cao Tieng Anh)2',30	,18),
('8011027',	'Cong Nghe Thuc Pham (Chat Luong Cao Tieng Anh)3',30	,18),
('8011028',	'Logistics & Quan Ly Chuoi Cung Ung1',30	,18),
('8011029',	'Logistics & Quan Ly Chuoi Cung Ung2',30	,18),
('8011020',	'Logistics & Quan Ly Chuoi Cung Ung3',30	,18),
('8011031',	'Ky Thuat Nu Cong (Dai Tra)1',30	,18),
('8011032',	'Ky Thuat Nu Cong (Dai Tra)2',30	,18),
('8011033',	'Ky Thuat Nu Cong (Dai Tra)3',30	,18),
('8011034',	'Ky Thuat Nu Cong (Dai Tra)4',30	,18),
('8011035',	'Ky Thuat Nu Cong (Dai Tra)5',30	,18),
('8011036',	'Ky Thuat Nu Cong (Dai Tra)6',30	,18),
('8011037',	'Ky Thuat Nu Cong (Dai Tra)7',30	,18),
('8011038',	'Ky Thuat Nu Cong (Dai Tra)8',30	,18),
('8011039',	'Ky Thuat Nu Cong (Dai Tra)9',30	,18),
('8011030',	'Ky Thuat Nu Cong (Dai Tra)10',30	,18),
('8011041',	'Ky Thuat Nu Cong (Dai Tra)11',30	,18),
('8011042',	'Ky Thuat Nu Cong (Dai Tra)12',30	,18),
('8011043',	'Ky Thuat Nu Cong (Dai Tra)13',30	,18),
('8011044',	'Ky Thuat Nu Cong (Dai Tra)14',30	,18),
('8011045',	'Ky Thuat Nu Cong (Dai Tra)15',30	,18),
('8011046',	'Ky Thuat Nu Cong (Dai Tra)16',30	,18),
('8011047',	'Ky Thuat Nu Cong (Dai Tra)17',30	,18),
('8011048',	'Ky Thuat Nu Cong (Dai Tra)18',30	,18),
('8011049',	'Ky Thuat Nu Cong (Dai Tra)19',30	,18),
('8011040',	'Ky Thuat Nu Cong (Dai Tra)20',30	,18),
('8011051',	'Ky Thuat Nu Cong (Dai Tra)21',30	,18),
('8011052',	'Ky Thuat Nu Cong (Dai Tra)22',30	,18),
('8011053',	'Ky Thuat Nu Cong (Dai Tra)23',30	,18),
('8011054',	'Ky Thuat Nu Cong (Dai Tra)24',30	,18),
('8011055',	'Ky Thuat Nu Cong (Dai Tra)25',30	,18),
('8011056',	'Ky Thuat Nu Cong (Dai Tra)26',30	,18),
('8011057',	'Ky Thuat Nu Cong (Dai Tra)27',30	,18),
('8011058',	'Ky Thuat Nu Cong (Dai Tra)28',30	,18),
('8011059',	'Ky Thuat Nu Cong (Dai Tra)29',30	,18),
('8011050',	'Ky Thuat Nu Cong (Dai Tra)30',30	,18),
('8011061',	'Ky Thuat Nu Cong (Dai Tra)31',30	,18),
('8011062',	'Ky Thuat Nu Cong (Dai Tra)32',30	,18),
('8011063',	'Ky Thuat Nu Cong (Dai Tra)33',30	,18),
('8011064',	'Ky Thuat Nu Cong (Dai Tra)34',30	,18),
('8011065',	'Ky Thuat Nu Cong (Dai Tra)35',30	,18),
('8011066',	'Ky Thuat Nu Cong (Dai Tra)36',30	,18),
('8011067',	'Ky Thuat Nu Cong (Dai Tra)37',30	,18),
('8011068',	'Ky Thuat Nu Cong (Dai Tra)38',30	,18),
('8011069',	'Ky Thuat Nu Cong (Dai Tra)39',30	,18),
('8011060',	'Ky Thuat Nu Cong (Dai Tra)40',30	,18),
('8011071',	'Ky Thuat Nu Cong (Dai Tra)41',30	,18),
('8011072',	'Ky Thuat Nu Cong (Dai Tra)42',30	,18),
('8011073',	'Ky Thuat Nu Cong (Dai Tra)43',30	,18),
('8011074',	'Ky Thuat Nu Cong (Dai Tra)44',30	,18),
('8011075',	'Ky Thuat Nu Cong (Dai Tra)45',30	,18),
('8011076',	'Ky Thuat Nu Cong (Dai Tra)46',30	,18),
('8011077',	'Ky Thuat Nu Cong (Dai Tra)47',30	,18),
('8011078',	'Ky Thuat Nu Cong (Dai Tra)48',30	,18),
('8011079',	'Ky Thuat Nu Cong (Dai Tra)49',30	,18),
('8011070',	'Ky Thuat Nu Cong (Dai Tra)50',30	,18),
('8011081',	'Ky Thuat Nu Cong (Dai Tra)51',30	,18),
('8011082',	'Ky Thuat Nu Cong (Dai Tra)52',30	,18),
('8011083',	'Ky Thuat Nu Cong (Dai Tra)53',30	,18),
('8011084',	'Ky Thuat Nu Cong (Dai Tra)54',30	,18),
('8011085',	'Ky Thuat Nu Cong (Dai Tra)55',30	,18),
('8011086',	'Ky Thuat Nu Cong (Dai Tra)56',30	,18),
('8011087',	'Ky Thuat Nu Cong (Dai Tra)57',30	,18),
('8011088',	'Ky Thuat Nu Cong (Dai Tra)58',30	,18),
('8011089',	'Ky Thuat Nu Cong (Dai Tra)59',30	,18),
('8011080',	'Ky Thuat Nu Cong (Dai Tra)60',30	,18),
('8011091',	'Ky Thuat Nu Cong (Dai Tra)61',30	,18),
('8011092',	'Ky Thuat Nu Cong (Dai Tra)62',30	,18),
('8011093',	'Ky Thuat Nu Cong (Dai Tra)63',30	,18),
('8011094',	'Ky Thuat Nu Cong (Dai Tra)64',30	,18),
('8011095',	'Ky Thuat Nu Cong (Dai Tra)65',30	,18),
('8011096',	'Ky Thuat Nu Cong (Dai Tra)66',30	,18),
('8011097',	'Ky Thuat Nu Cong (Dai Tra)67',30	,18),
('8011098',	'Ky Thuat Nu Cong (Dai Tra)68',30	,18),
('8011099',	'Ky Thuat Nu Cong (Dai Tra)69',30	,18),
('8011090',	'Ky Thuat Nu Cong (Dai Tra)70',30	,18),
('8011101',	'Ky Thuat Nu Cong (Dai Tra)71',30	,18),
('8011102',	'Ky Thuat Nu Cong (Dai Tra)72',30	,18),
('8011103',	'Ky Thuat Nu Cong (Dai Tra)73',30	,18),
('8011104',	'Ky Thuat Nu Cong (Dai Tra)74',30	,18),
('8011105',	'Ky Thuat Nu Cong (Dai Tra)75',30	,18),
('8011106',	'Ky Thuat Nu Cong (Dai Tra)76',30	,18),
('8011107',	'Ky Thuat Nu Cong (Dai Tra)77',30	,18),
('8011108',	'Ky Thuat Nu Cong (Dai Tra)78',30	,18),
('8011109',	'Ky Thuat Nu Cong (Dai Tra)79',30	,18),
('8011100',	'Ky Thuat Nu Cong (Dai Tra)80',30	,18),
('8011111',	'Ky Thuat Nu Cong (Dai Tra)81',30	,18),
('8011112',	'Ky Thuat Nu Cong (Dai Tra)82',30	,18),
('8011113',	'Ky Thuat Nu Cong (Dai Tra)83',30	,18),
('8011114',	'Ky Thuat Nu Cong (Dai Tra)84',30	,18),
('8011115',	'Ky Thuat Nu Cong (Dai Tra)85',30	,18),
('8011116',	'Ky Thuat Nu Cong (Dai Tra)86',30	,18),
('8011117',	'Ky Thuat Nu Cong (Dai Tra)87',30	,18),
('8011118',	'Ky Thuat Nu Cong (Dai Tra)88',30	,18),
('8011119',	'Ky Thuat Nu Cong (Dai Tra)89',30	,18),
('8011110',	'Ky Thuat Nu Cong (Dai Tra)90',30	,18),
('8011121',	'Ky Thuat Nu Cong (Dai Tra)91',30	,18),
('8011122',	'Ky Thuat Nu Cong (Dai Tra)92',30	,18),
('8011123',	'Ky Thuat Nu Cong (Dai Tra)93',30	,18),
('8011124',	'Ky Thuat Nu Cong (Dai Tra)94',30	,18),
('8011125',	'Ky Thuat Nu Cong (Dai Tra)95',30	,18),
('8011126',	'Ky Thuat Nu Cong (Dai Tra)96',30	,18),
('8011127',	'Ky Thuat Nu Cong (Dai Tra)97',30	,18),
('8011128',	'Ky Thuat Nu Cong (Dai Tra)98',30	,18),
('8011129',	'Ky Thuat Nu Cong (Dai Tra)99',30	,18),
('8011120',	'Ky Thuat Nu Cong (Dai Tra)100',30	,18),
('8011131',	'Ky Thuat Nu Cong (Dai Tra)101',30	,18),
('8011132',	'Ky Thuat Nu Cong (Dai Tra)102',30	,18),
('8011133',	'Ky Thuat Nu Cong (Dai Tra)103',30	,18),
('8011134',	'Ky Thuat Nu Cong (Dai Tra)104',30	,18),
('8011135',	'Ky Thuat Nu Cong (Dai Tra)105',30	,18),
('8011136',	'Ky Thuat Nu Cong (Dai Tra)106',30	,18),
('8011137',	'Ky Thuat Nu Cong (Dai Tra)107',30	,18),
('8011138',	'Ky Thuat Nu Cong (Dai Tra)108',30	,18),
('8011139',	'Ky Thuat Nu Cong (Dai Tra)109',30	,18),
('8011130',	'Ky Thuat Nu Cong (Dai Tra)110',30	,18),
('8011141',	'Ky Thuat Nu Cong (Dai Tra)111',30	,18),
('8011142',	'Ky Thuat Nu Cong (Dai Tra)112',30	,18),
('8011143',	'Ky Thuat Nu Cong (Dai Tra)113',30	,18),
('8011144',	'Ky Thuat Nu Cong (Dai Tra)114',30	,18),
('8011145',	'Ky Thuat Nu Cong (Dai Tra)115',30	,18),
('8011146',	'Ky Thuat Nu Cong (Dai Tra)116',30	,18),
('8011147',	'Ky Thuat Nu Cong (Dai Tra)117',30	,18),
('8011148',	'Ky Thuat Nu Cong (Dai Tra)118',30	,18),
('8011149',	'Ky Thuat Nu Cong (Dai Tra)119',30	,18),
('8011140',	'Ky Thuat Nu Cong (Dai Tra)120',30	,18),
('8011151',	'Ky Thuat Nu Cong (Dai Tra)121',30	,18),
('8011152',	'Ky Thuat Nu Cong (Dai Tra)122',30	,18),
('8011153',	'Ky Thuat Nu Cong (Dai Tra)123',30	,18),
('8011154',	'Ky Thuat Nu Cong (Dai Tra)124',30	,18),
('8011155',	'Ky Thuat Nu Cong (Dai Tra)125',30	,18),
('8011156',	'Ky Thuat Nu Cong (Dai Tra)126',30	,18),
('8011157',	'Ky Thuat Nu Cong (Dai Tra)127',30	,18),
('8011158',	'Ky Thuat Nu Cong (Dai Tra)128',30	,18),
('8011159',	'Ky Thuat Nu Cong (Dai Tra)129',30	,18),
('8011150',	'Ky Thuat Nu Cong (Dai Tra)130',30	,18),
('8011161',	'Ky Thuat Nu Cong (Dai Tra)131',30	,18),
('8011162',	'Ky Thuat Nu Cong (Dai Tra)132',30	,18),
('8011163',	'Ky Thuat Nu Cong (Dai Tra)133',30	,18),
('8011164',	'Ky Thuat Nu Cong (Dai Tra)134',30	,18),
('8011165',	'Ky Thuat Nu Cong (Dai Tra)135',30	,18),
('8011166',	'Ky Thuat Nu Cong (Dai Tra)136',30	,18),
('8011167',	'Ky Thuat Nu Cong (Dai Tra)137',30	,18),
('8011168',	'Ky Thuat Nu Cong (Dai Tra)138',30	,18),
('8011169',	'Ky Thuat Nu Cong (Dai Tra)139',30	,18),
('8011160',	'Ky Thuat Nu Cong (Dai Tra)140',30	,18),
('8011171',	'Ky Thuat Nu Cong (Dai Tra)141',30	,18),
('8011172',	'Ky Thuat Nu Cong (Dai Tra)142',30	,18),
('8011173',	'Ky Thuat Nu Cong (Dai Tra)143',30	,18),
('8011174',	'Ky Thuat Nu Cong (Dai Tra)144',30	,18),
('8011175',	'Ky Thuat Nu Cong (Dai Tra)145',30	,18),
('8011176',	'Ky Thuat Nu Cong (Dai Tra)146',30	,18),
('8011177',	'Ky Thuat Nu Cong (Dai Tra)147',30	,18),
('8011178',	'Ky Thuat Nu Cong (Dai Tra)148',30	,18),
('8011179',	'Ky Thuat Nu Cong (Dai Tra)149',30	,18),
('8011170',	'Ky Thuat Nu Cong (Dai Tra)150',30	,18),
('8011181',	'Ky Thuat Nu Cong (Dai Tra)151',30	,18),
('8011182',	'Ky Thuat Nu Cong (Dai Tra)152',30	,18),
('8011183',	'Ky Thuat Nu Cong (Dai Tra)153',30	,18),
('8011184',	'Ky Thuat Nu Cong (Dai Tra)154',30	,18),
('8011185',	'Ky Thuat Nu Cong (Dai Tra)155',30	,18),
('8011186',	'Ky Thuat Nu Cong (Dai Tra)156',30	,18),
('8011187',	'Ky Thuat Nu Cong (Dai Tra)157',30	,18),
('8011188',	'Ky Thuat Nu Cong (Dai Tra)158',30	,18),
('8011189',	'Ky Thuat Nu Cong (Dai Tra)159',30	,18),
('8011180',	'Ky Thuat Nu Cong (Dai Tra)160',30	,18),
('8011191',	'Ky Thuat Nu Cong (Dai Tra)161',30	,18),
('8011192',	'Ky Thuat Nu Cong (Dai Tra)162',30	,18),
('8011193',	'Ky Thuat Nu Cong (Dai Tra)163',30	,18),
('8011194',	'Ky Thuat Nu Cong (Dai Tra)164',30	,18),
('8011195',	'Ky Thuat Nu Cong (Dai Tra)165',30	,18),
('8011196',	'Ky Thuat Nu Cong (Dai Tra)166',30	,18),
('8011197',	'Ky Thuat Nu Cong (Dai Tra)167',30	,18),
('8011198',	'Ky Thuat Nu Cong (Dai Tra)168',30	,18),
('8011199',	'Ky Thuat Nu Cong (Dai Tra)169',30	,18),
('8011190',	'Ky Thuat Nu Cong (Dai Tra)170',30	,18)
go
--------------------Nguyen Vong---------------------
create table NGUYENVONG(
SBD varchar(10) not null,
MaNganh int not null,
Khoi varchar(10) not null,
NguyenVong int,
DiemTB float,
DanhGia varchar(50),
constraint pk_NGUYENVONG primary key(SBD,MaNganh,Khoi)
);
Insert NGUYENVONG(SBD,MaNganh,Khoi,NguyenVong)
values 
('1','7480201','A',1),
('2','7480201','A',1),
('3','7480201','A',1)
go
--------------------Dan Toc-------------------
create table DANTOC(
MaDanToc int not null,
TenDanToc varchar(50) not null,
DiemCongDToc float,
CONSTRAINT pk_DANTOC primary key(MaDanToc)
);
go

insert DANTOC(MaDanToc,TenDanToc,DiemCongDToc)
values
(1,'Kinh',0),
(2,'Tay',0),
(3,'Thai',0),
(4,'Muong',0),
(5,'Kho Me',0),
(6,'H Mong',1),
(7,'Nung',1),
(8,'Hoa',1),
(9,'Dao',1.5),
(10,'Gia Rai',1.5),
(11,'E De',1.5),
(12,'Ba Na',1.5),
(13,'Xo Dang',2),
(14,'San Chay',2),
(15,'Co Ho',2),
(16,'Cham',2),
(17,'San Diu',2.5),
(18,'Hre',2.5),
(19,'Ra Giai',2.5),
(20,'M Nong',2.5),
(21,'X tieng',3),
(22, 'Bru-Van Kieu',0.5),
(23,'Tho',0.5),
(24,'Kho Mu',1),
(25,'Co Tu', 1.5),
(26,'Giay',0.5),
(27,'Gie Trieng',2),
(28,'Ta Oi',1),
(29,'Ma',2),
(30,'Co',1),
(31,'Cho Ro',2.5),
(32,'Xinh Mun',1),
(33,'Ha Nhi',0.5),
(34,'Chu Ru',1),
(35,'Lao',1),
(36,'Khang',2),
(37,'La Chi',0.5),
(38,'Phu La',1),
(39,'La Hu',3),
(40,'La Ha',1),
(41,'Pa Then',2),
(42,'Chut',1.5),
(43,'Lu',1),
(44,'Lo Lo',1.5),
(45,'Mang',3),
(46,'Co Lao',1),
(47,'Bo Y',1.5),
(48,'Cong',2.5),
(49,'Ngai',1),
(50,'Si La',3),
(51,'Pu Peo',1.5),
(52,'Ro Mam',1),
(53,'O Du',2.5)
go
-------------------Doi Tuong------------------
create table DOITUONG(
MaDoiTuong int not null,
LoaiDoiTuong varchar(100),
DiemCongDTuong float,
CONSTRAINT pk_DOITUONG primary key(MaDoiTuong)
);
go
insert DOITUONG(MaDoiTuong, LoaiDoiTuong, DiemCongDTuong) values
(1,'Gia Dinh Thuong Binh',0.25),
(2,'Gia Dinh Anh Hung Dan Toc',0.25),
(3,'Dan Toc Thieu So',0.25),
(4,'Dan Toc Kinh & Cu tru 3 nam',0.25),
(5,'Bi Nhiem Chat Doc Mau Da Cam',0.25),
(6,'Giai Nhat, Nhi, Ba cap Quoc Gia',2),
(7,'Giat Nhat Tinh',2),
(8,'Giai Khuyen Khich Quoc Gia',1.5),
(9,'Giai Nhi Tinh',1.5),
(10,'Giai Ba Tinh',1),
(11,'Chung Nhan Nghe Loai Gioi',2),
(12,'Chung Nhan Nghe Loai Kha',1.5),
(13,'Chung Nhan Nghe Loai Trung Binh1',0.5),
(14,'Chung Nhan Nghe Loai Trung Binh2',1),
(15,'Chung Nhan Nghe Loai Trung Binh3',1.5),
(16,'Chung Nhan Nghe Loai Trung Binh4',2),
(17,'Chung Nhan Nghe Loai Trung Binh5',0.5),
(18,'Chung Nhan Nghe Loai Trung Binh6',1),
(19,'Chung Nhan Nghe Loai Trung Binh7',1.5),
(20,'Chung Nhan Nghe Loai Trung Binh8',2),
(21,'Chung Nhan Nghe Loai Trung Binh9',0.5),
(22,'Chung Nhan Nghe Loai Trung Binh10',1),
(23,'Chung Nhan Nghe Loai Trung Binh11',1.5),
(24,'Chung Nhan Nghe Loai Trung Binh12',2),
(25,'Chung Nhan Nghe Loai Trung Binh13',0.5),
(26,'Chung Nhan Nghe Loai Trung Binh14',1),
(27,'Chung Nhan Nghe Loai Trung Binh15',1.5),
(28,'Chung Nhan Nghe Loai Trung Binh16',2),
(29,'Chung Nhan Nghe Loai Trung Binh17',0.5),
(30,'Chung Nhan Nghe Loai Trung Binh18',1),
(31,'Chung Nhan Nghe Loai Trung Binh19',1.5),
(32,'Chung Nhan Nghe Loai Trung Binh20',2),
(33,'Chung Nhan Nghe Loai Trung Binh21',0.5),
(34,'Chung Nhan Nghe Loai Trung Binh22',1),
(35,'Chung Nhan Nghe Loai Trung Binh23',1.5),
(36,'Chung Nhan Nghe Loai Trung Binh24',2),
(37,'Chung Nhan Nghe Loai Trung Binh25',0.5),
(38,'Chung Nhan Nghe Loai Trung Binh26',1),
(39,'Chung Nhan Nghe Loai Trung Binh27',1.5),
(40,'Chung Nhan Nghe Loai Trung Binh28',2),
(41,'Chung Nhan Nghe Loai Trung Binh29',0.5),
(42,'Chung Nhan Nghe Loai Trung Binh30',1),
(43,'Chung Nhan Nghe Loai Trung Binh31',1.5),
(44,'Chung Nhan Nghe Loai Trung Binh32',2),
(45,'Chung Nhan Nghe Loai Trung Binh33',0.5),
(46,'Chung Nhan Nghe Loai Trung Binh34',1),
(47,'Chung Nhan Nghe Loai Trung Binh35',1.5),
(48,'Chung Nhan Nghe Loai Trung Binh36',2),
(49,'Chung Nhan Nghe Loai Trung Binh37',0.5),
(50,'Chung Nhan Nghe Loai Trung Binh38',1),
(51,'Chung Nhan Nghe Loai Trung Binh39',1.5),
(52,'Chung Nhan Nghe Loai Trung Binh40',2),
(53,'Chung Nhan Nghe Loai Trung Binh41',0.5),
(54,'Chung Nhan Nghe Loai Trung Binh42',1),
(55,'Chung Nhan Nghe Loai Trung Binh43',1.5),
(56,'Chung Nhan Nghe Loai Trung Binh44',2),
(57,'Chung Nhan Nghe Loai Trung Binh45',0.5),
(58,'Chung Nhan Nghe Loai Trung Binh46',1),
(59,'Chung Nhan Nghe Loai Trung Binh47',1.5),
(60,'Chung Nhan Nghe Loai Trung Binh48',2),
(61,'Chung Nhan Nghe Loai Trung Binh49',0.5),
(62,'Chung Nhan Nghe Loai Trung Binh50',1),
(63,'Chung Nhan Nghe Loai Trung Binh51',1.5),
(64,'Chung Nhan Nghe Loai Trung Binh52',2),
(65,'Chung Nhan Nghe Loai Trung Binh53',0.5),
(66,'Chung Nhan Nghe Loai Trung Binh54',1),
(67,'Chung Nhan Nghe Loai Trung Binh55',1.5),
(68,'Chung Nhan Nghe Loai Trung Binh56',2),
(69,'Chung Nhan Nghe Loai Trung Binh57',0.5),
(70,'Chung Nhan Nghe Loai Trung Binh58',1),
(71,'Chung Nhan Nghe Loai Trung Binh59',1.5),
(72,'Chung Nhan Nghe Loai Trung Binh60',2),
(73,'Chung Nhan Nghe Loai Trung Binh61',0.5),
(74,'Chung Nhan Nghe Loai Trung Binh62',1),
(75,'Chung Nhan Nghe Loai Trung Binh63',1.5),
(76,'Chung Nhan Nghe Loai Trung Binh64',2),
(77,'Chung Nhan Nghe Loai Trung Binh65',0.5),
(78,'Chung Nhan Nghe Loai Trung Binh66',1),
(79,'Chung Nhan Nghe Loai Trung Binh67',1.5),
(80,'Chung Nhan Nghe Loai Trung Binh68',2),
(81,'Chung Nhan Nghe Loai Trung Binh69',0.5),
(82,'Chung Nhan Nghe Loai Trung Binh70',1),
(83,'Chung Nhan Nghe Loai Trung Binh71',1.5),
(84,'Chung Nhan Nghe Loai Trung Binh72',2),
(85,'Chung Nhan Nghe Loai Trung Binh73',0.5),
(86,'Chung Nhan Nghe Loai Trung Binh74',1),
(87,'Chung Nhan Nghe Loai Trung Binh75',1.5),
(88,'Chung Nhan Nghe Loai Trung Binh76',2),
(89,'Chung Nhan Nghe Loai Trung Binh77',0.5),
(90,'Chung Nhan Nghe Loai Trung Binh78',1),
(91,'Chung Nhan Nghe Loai Trung Binh79',1.5),
(92,'Chung Nhan Nghe Loai Trung Binh80',2),
(93,'Chung Nhan Nghe Loai Trung Binh81',0.5),
(94,'Chung Nhan Nghe Loai Trung Binh82',1),
(95,'Chung Nhan Nghe Loai Trung Binh83',1.5),
(96,'Chung Nhan Nghe Loai Trung Binh84',2),
(97,'Chung Nhan Nghe Loai Trung Binh85',0.5),
(98,'Chung Nhan Nghe Loai Trung Binh86',1),
(99,'Chung Nhan Nghe Loai Trung Binh87',1.5),
(100,'Chung Nhan Nghe Loai Trung Binh88',2),
(101,'Chung Nhan Nghe Loai Trung Binh89',0.5),
(102,'Chung Nhan Nghe Loai Trung Binh90',1),
(103,'Chung Nhan Nghe Loai Trung Binh91',1.5),
(104,'Chung Nhan Nghe Loai Trung Binh92',2),
(105,'Chung Nhan Nghe Loai Trung Binh93',0.5),
(106,'Chung Nhan Nghe Loai Trung Binh94',1),
(107,'Chung Nhan Nghe Loai Trung Binh95',1.5),
(108,'Chung Nhan Nghe Loai Trung Binh96',2),
(109,'Chung Nhan Nghe Loai Trung Binh97',0.5),
(110,'Chung Nhan Nghe Loai Trung Binh98',1),
(111,'Chung Nhan Nghe Loai Trung Binh99',1.5),
(112,'Chung Nhan Nghe Loai Trung Binh100',2),
(113,'Chung Nhan Nghe Loai Trung Binh101',0.5),
(114,'Chung Nhan Nghe Loai Trung Binh102',1),
(115,'Chung Nhan Nghe Loai Trung Binh103',1.5),
(116,'Chung Nhan Nghe Loai Trung Binh104',2),
(117,'Chung Nhan Nghe Loai Trung Binh105',0.5),
(118,'Chung Nhan Nghe Loai Trung Binh106',1),
(119,'Chung Nhan Nghe Loai Trung Binh107',1.5),
(120,'Chung Nhan Nghe Loai Trung Binh108',2),
(121,'Chung Nhan Nghe Loai Trung Binh109',0.5),
(122,'Chung Nhan Nghe Loai Trung Binh110',1),
(123,'Chung Nhan Nghe Loai Trung Binh111',1.5),
(124,'Chung Nhan Nghe Loai Trung Binh112',2),
(125,'Chung Nhan Nghe Loai Trung Binh113',0.5),
(126,'Chung Nhan Nghe Loai Trung Binh114',1),
(127,'Chung Nhan Nghe Loai Trung Binh115',1.5),
(128,'Chung Nhan Nghe Loai Trung Binh116',2),
(129,'Chung Nhan Nghe Loai Trung Binh117',0.5),
(130,'Chung Nhan Nghe Loai Trung Binh118',1),
(131,'Chung Nhan Nghe Loai Trung Binh119',1.5),
(132,'Chung Nhan Nghe Loai Trung Binh120',2),
(133,'Chung Nhan Nghe Loai Trung Binh121',0.5),
(134,'Chung Nhan Nghe Loai Trung Binh122',1),
(135,'Chung Nhan Nghe Loai Trung Binh123',1.5),
(136,'Chung Nhan Nghe Loai Trung Binh124',2),
(137,'Chung Nhan Nghe Loai Trung Binh125',0.5),
(138,'Chung Nhan Nghe Loai Trung Binh126',1),
(139,'Chung Nhan Nghe Loai Trung Binh127',1.5),
(140,'Chung Nhan Nghe Loai Trung Binh128',2),
(141,'Chung Nhan Nghe Loai Trung Binh129',0.5),
(142,'Chung Nhan Nghe Loai Trung Binh130',1),
(143,'Chung Nhan Nghe Loai Trung Binh131',1.5),
(144,'Chung Nhan Nghe Loai Trung Binh132',2),
(145,'Chung Nhan Nghe Loai Trung Binh133',0.5),
(146,'Chung Nhan Nghe Loai Trung Binh134',1),
(147,'Chung Nhan Nghe Loai Trung Binh135',1.5),
(148,'Chung Nhan Nghe Loai Trung Binh136',2),
(149,'Chung Nhan Nghe Loai Trung Binh137',0.5),
(150,'Chung Nhan Nghe Loai Trung Binh138',1),
(151,'Chung Nhan Nghe Loai Trung Binh139',1.5),
(152,'Chung Nhan Nghe Loai Trung Binh140',2),
(153,'Chung Nhan Nghe Loai Trung Binh141',0.5),
(154,'Chung Nhan Nghe Loai Trung Binh142',1),
(155,'Chung Nhan Nghe Loai Trung Binh143',1.5),
(156,'Chung Nhan Nghe Loai Trung Binh144',2),
(157,'Chung Nhan Nghe Loai Trung Binh145',0.5),
(158,'Chung Nhan Nghe Loai Trung Binh146',1),
(159,'Chung Nhan Nghe Loai Trung Binh147',1.5),
(160,'Chung Nhan Nghe Loai Trung Binh148',2),
(161,'Chung Nhan Nghe Loai Trung Binh149',0.5),
(162,'Chung Nhan Nghe Loai Trung Binh150',1),
(163,'Chung Nhan Nghe Loai Trung Binh151',1.5),
(164,'Chung Nhan Nghe Loai Trung Binh152',2),
(165,'Chung Nhan Nghe Loai Trung Binh153',0.5),
(166,'Chung Nhan Nghe Loai Trung Binh154',1),
(167,'Chung Nhan Nghe Loai Trung Binh155',1.5),
(168,'Chung Nhan Nghe Loai Trung Binh156',2),
(169,'Chung Nhan Nghe Loai Trung Binh157',0.5),
(170,'Chung Nhan Nghe Loai Trung Binh158',1),
(171,'Chung Nhan Nghe Loai Trung Binh159',1.5),
(172,'Chung Nhan Nghe Loai Trung Binh160',2),
(173,'Chung Nhan Nghe Loai Trung Binh161',0.5),
(174,'Chung Nhan Nghe Loai Trung Binh162',1),
(175,'Chung Nhan Nghe Loai Trung Binh163',1.5),
(176,'Chung Nhan Nghe Loai Trung Binh164',2),
(177,'Chung Nhan Nghe Loai Trung Binh165',0.5),
(178,'Chung Nhan Nghe Loai Trung Binh166',1),
(179,'Chung Nhan Nghe Loai Trung Binh167',1.5),
(180,'Chung Nhan Nghe Loai Trung Binh168',2),
(181,'Chung Nhan Nghe Loai Trung Binh169',0.5),
(182,'Chung Nhan Nghe Loai Trung Binh170',1),
(183,'Chung Nhan Nghe Loai Trung Binh171',2),
(184,'Chung Nhan Nghe Loai Trung Binh172',0.5),
(185,'Chung Nhan Nghe Loai Trung Binh173',1),
(186,'Chung Nhan Nghe Loai Trung Binh174',2),
(187,'Chung Nhan Nghe Loai Trung Binh175',0.5),
(188,'Chung Nhan Nghe Loai Trung Binh176',1),
(189,'Chung Nhan Nghe Loai Trung Binh177',2),
(190,'Chung Nhan Nghe Loai Trung Binh178',0.5),
(191,'Chung Nhan Nghe Loai Trung Binh179',1),
(192,'Chung Nhan Nghe Loai Trung Binh180',2),
(193,'Chung Nhan Nghe Loai Trung Binh181',0.5),
(194,'Chung Nhan Nghe Loai Trung Binh182',1),
(195,'Chung Nhan Nghe Loai Trung Binh183',2),
(196,'Chung Nhan Nghe Loai Trung Binh184',0.5),
(197,'Chung Nhan Nghe Loai Trung Binh185',1),
(198,'Chung Nhan Nghe Loai Trung Binh186',2),
(199,'Chung Nhan Nghe Loai Trung Binh187',0.5),
(200,'Chung Nhan Nghe Loai Trung Binh188',1),
(201,'Chung Nhan Nghe Loai Trung Binh189',2),
(202,'Chung Nhan Nghe Loai Trung Binh190',0.5),
(203,'Chung Nhan Nghe Loai Trung Binh191',1),
(204,'Chung Nhan Nghe Loai Trung Binh192',2),
(205,'Chung Nhan Nghe Loai Trung Binh193',0.5)
go
-------------------Ho Khau----------------------
create table HOKHAU(
MaHoKhau int not null identity(1,1),
TenHuyen varchar(30),
TenTinh varchar(30),
MaKhuVuc varchar(10),
CONSTRAINT pk_HOKHAU primary key(MaHoKhau)
);
go
insert HOKHAU(TenHuyen,TenTinh,MaKhuVuc)
values
('Phan Rang','Binh Thuan','II'),
('Mui Ne','Binh Thuan','II'),
('An Giang','Long Xuyen','I'),
('Ba Ria','BA Ria','III'),
('Vung Tau','Ba Ria','II'),
('Bac Lieu','Bac Lieu','II'),
('Bac Can','Bac Can','I'),
('Bac Ninh','Bac Ninh','II'),
('Ben Tre','Ben Tre','II'),
('Ba Tri','Ben Tre','II'),
('Binh Duong','Thu Dau Mot','III'),
('Binh Dinh','Quy Nhon','II'),
('Dong Xoai','Binh Phuoc','I'),
('Phan Thiet','Binh Thuan','II-NT'),
('Ca Mau','Ca Mau','III'),
('Cao Bang','Cao Bang','II'),
('Ninh Kieu','Can Tho','I'),
('Buon Ma Thuoc','Dak Lak','III'),
('Gia Nghia','Dak Nong','II'),
('Bien Hoa','Dong Nai','II'),
('Da Lat','Lam Dong','I'),
('Cao Lanh','Dong Thap','II'),
('Ha Giang','Ha Giang','II'),
('Pleiku','Gia Lai','II-NT'),
('Phu Ly','Ha Nam','II'),
('Hoan Kiem','Ha Noi','II'),
('Ha Tinh','HA Tinh','II-NT'),
('Hai Duong','Hai Duong','III'),
('Hong Bang','Hai Phong','II'),
('Hoa Binh','Hoa Binh','I'),
('Hau Giang','Vi Thanh','II'),
('Hung Yen','Hung Yen','II'),
('Quan 3','Tp Ho Chi Minh','II'),
('Quan 4','Tp Ho Chi Minh','II'),
('Quan 2','Tp Ho Chi Minh','II'),
('Quan 5','Tp Ho Chi Minh','II'),
('Quan 6','Tp Ho Chi Minh','II'),
('Quan 7','Tp Ho Chi Minh','II'),
('Quan 8','Tp Ho Chi Minh','II'),
('Quan 9','Tp Ho Chi Minh','II'),
('Quan 10','Tp Ho Chi Minh','II'),
('Quan 11','Tp Ho Chi Minh','II'),
('Quan 12','Tp Ho Chi Minh','II'),
('Quan Thu Duc','Tp Ho Chi Minh','II'),
('Quan Go Vap','Tp Ho Chi Minh','II'),
('Quan Nha Be','Tp Ho Chi Minh','II'),
('Khanh Hoa','Nha Trang','I'),
('Rach Gia','Kien Giang','III'),
('Kon Tum','Kon Tum','I'),
('Lai Chau','Lai Chau','II-NT'),
('Lao Cai','Lao Cai','I'),
('Lai Xuan','Thuy Nguyen','I'),
('Ky Son','Thuy Nguyen','I'),
('An Son','Thuy Nguyen','I'),
('Lien Khe','Thuy Nguyen','I'),
('Luu Kien','Thuy Nguyen','I'),
('Luu Ky','Thuy Nguyen','I'),
('Minh Tan','Thuy Nguyen','I'),
('Cat Ba','Cat Hai','I'),
('Tran Chau','Cat Hai','I'),
('Xuan Dan','Cat Hai','I'),
('Hien Hao','Cat Hai','I'),
('Gia Luan','Cat Hai','I'),
('Phu Long','Cat Hai','I'),
('Viet Hai','Cat Hai','I'),
('Dong Bai','Cat Hai','I'),
('Tien Du','Bac Ninh','II'),
('Que Vo','Bac Ninh','II'),
('Yen Phong','Bac Ninh','II'),
('Thuan Thanh','Bac Ninh','II'),
('Gia Binh','Bac Ninh','II'),
('Luong Tai','Bac Ninh','II'),
('Duy Tien','Ha Nam','II'),
('Kim Bang','Ha Nam','II'),
('Ly Nhan','Ha Nam','II'),
('Thanh Liem','Ha Nam','II'),
('Binh Luc','Ha Nam','II'),
('Tien Lu','Hung Yen','II-NT'),
('An Thi','Hung Yen','II-NT'),
('Phu Cu','Hung Yen','II-NT'),
('My Hao','Hung Yen','II-NT'),
('Kim Dong','Hung Yen','II-NT'),
('Tien Lu','Hung Yen','II-NT'),
('Khoai Chau','Hung Yen','II-NT'),
('Van Giang','Hung Yen','II-NT'),
('Van Lam','Hung Yen','II-NT')
go
--------------------Khu Vuc-----------------------
create table KHUVUC(
MaKhuVuc varchar(10) not null,
TenKhuVuc varchar(30) not null unique,
DiemCongKV float,
CONSTRAINT pk_KHUVUC primary key(MaKhuVuc)
);
go
insert KHUVUC(MaKhuVuc, TenKhuVuc, DiemCongKV) 
values
('I' ,'Khu Vuc I',1),
('II' ,'Khu Vuc II',0.5),
('II-NT' ,'Khu Vuc II-Nong Thon',0.75),
('III' ,'Khu Vuc III',0)
go


-- Tạo khoá ngoại.
alter table HOKHAU
with nocheck add constraint fk_HOKHAU_KHUVUC
foreign key (MaKhuVuc) references KHUVUC(MaKhuVuc);
go

alter table HOSOTHISINH
with nocheck add constraint fk_HOSOTHISINH_DANTOC
foreign key (MaDanToc) references DANTOC(MaDanToc);
go


alter table HOSOTHISINH
with nocheck add constraint fk_HOSOTHISINH_HOKHAU
foreign key (MaHoKhau) references HOKHAU(MaHoKhau);

alter table HOSOTHISINH
with nocheck add constraint fk_HOSOTHISINH_DOITUONG
foreign key (MaDoiTuong) references DOITUONG(MaDoiTuong);
go


alter table NGUYENVONG
with nocheck add constraint fk_NGUYENVONG_HOSOTHISINH
foreign key (SBD) references HOSOTHISINH(SBD);

alter table NGUYENVONG
with nocheck add constraint fk_NGUYENVONG_NGANH
foreign key (MaNganh) references NGANH(MaNganh);


-- drop table
--use QuanLyTuyenSinh;
--go

--drop table HOSOTHISINH
--go

--alter table HOSOTHISINH
--	drop constraint fk_HOSOTHISINH_DANTOC
--drop table DANTOC
--go

--alter table HOSOTHISINH
--	drop constraint fk_HOSOTHISINH_DIEM
--drop table DIEM
--go

--alter table HOSOTHISINH
--	drop constraint fk_HOSOTHISINH_DOITUONG
--drop table DOITUONG
--go

--alter table HOSOTHISINH
--	drop constraint fk_HOSOTHISINH_HOKHAU
--drop table HOKHAU
--go

--alter table HOKHAU
--	drop constraint fk_HOKHAU_KHUVUC
--drop table KHUVUC
--go

--alter table HOSOTHISINH
--	drop constraint fk_HOSOTHISINH_NGANH;
--drop table NGANH
--go